r2,mae,rmse
0.9191561746696427,1991.2655693296686,3053.8576521029545
0.8384145357362047,2196.693718054107,3416.2751377602667
0.9070600312060314,1516.9943567021353,2588.9720472417694
0.8837275166622443,1602.1849776877004,2292.6207629149276
0.9314418115174279,1526.2736742363152,2115.749725246003
0.8882558485108402,2098.793846970228,3226.9879966949948
0.9574357266165586,1529.0728243065892,2001.3551581666784
0.9420197827871178,1620.1953941376887,2100.8868032110004
0.9362540171754491,1235.5411594075624,1752.9686645247416
0.9036051794580325,1534.3066700903066,2642.9401124282285
0.9506839580949428,1336.4476115809157,1904.8563253783866
0.9231199055847524,1581.8056232428485,2411.1041786791952
0.9252495168051231,1640.7972889184234,2410.615395248334
0.8951578734243145,2026.6798173866573,3088.4000297754965
0.9423036239567932,1149.57306652147,1764.5845134622584
0.9060824684987019,1147.022613040391,1683.2124928072067
0.9352424640530803,1315.1873385703325,1829.2907666505319
0.943010490641314,1481.6040762283444,2063.8951219499145
0.9283984028164354,1750.853199602799,2727.2903956257987
0.9272003941315282,1356.1524972408688,1773.5877457882846
0.9503558317179408,1317.8689336373989,1778.0007619411394
0.9270310909549374,1689.8590080166475,2329.3207965797696
0.9014974830890896,1469.0271259847075,2501.223438166099
0.9482988822046237,1386.1990008646933,1932.7642565288095
0.9242752572868221,1795.5466332961073,2817.7965215939084
0.9172528805490106,1646.6715213821076,2694.066285058404
0.9516422744881643,1386.2439484022718,1763.9646660974227
0.8582114212288856,2166.4734506456766,3344.508637562159
0.9314365829200553,1610.111102490577,2358.3145511693097
0.9066853176724641,1478.1381124033335,2025.477102339719
